Brand,Category,Product Name,Main Ingredient,Ingredients,Skin Type,Benefit,Description
The Body Shop,Face Cleansers,Chamomile Sumptuous Cleansing Butter,Chamomile,"Ethylhexyl Palmitate, Synthetic Wax, PEG-20 Glyceryl Triisostearate, Olea Europaea Fruit Oil, Butyrospermum Parkii Butter, Caprylyl Glycol, Tocopherol, Parfum, Aqua, Linalool, Limonene, Helianthus Annuus Seed Oil, Anthemis Nobilis Flower Extract, Citric Acid.",Sensitive,"Cleanse and nourish your skin with our rich Chamomile Sumptuous Cleansing Butter. A luxurious way to remove every last trace of makeup, while purifying, cleansing and refreshing your skin, leaving it soft to the touch.","['Cleansing Butter', ' Suitable for sensitive skin and contact lens wearers', ' Clean and silky-soft feel', 'Removes all types of makeup', ' Enriched with community trade  Chamomile from England']"
The Body Shop,Face Cleansers,Drops of Youthâ„¢ Youth Liquid Peel,Edelweiss Stem Cells,"Aqua, Alcohol Denat., Propylene Glycol, Glycerin, Carbomer, Ppg-26-Buteth-26, Palmitamidopropyltrimonium Chloride, Peg-40 Hydrogenated Castor Oil, Quaternium-80, Parfum, Behentrimonium Chloride, Linalool, Citronellol, Cetrimonium Chloride, Isopropyl Alcohol, Crithmum Maritimum Extract, Eryngium Maritimum Extract, Leontopodium Alpinum Callus Culture Extract, Sodium Hyaluronate, Citric Acid, Xanthan Gum",All,"The Drops of Youthâ„¢ Youth Liquid Peel exfoliates and gently peels off impurities from your skin, lifting dead skin cells and residuals. Infused with a blend of three plant stem cells, this revolutionary gel-to-peel leaves skin clean and purified from the dayâ€™s pollutants. Continued use will leave a fresh, smoother and more luminous youthful-looking skin.
","['100% vegetarian', ' With three plant stem cells:  edelweiss  from the Italian Alps,  sea holly and  criste marine from the Brittany Coast', ' Instantly feels like dead skin cells are lifted (88% agree*)', ' Peels off impurities and pollutants (88% agree*)', ' Skin feels cleansed from dayâ€™s pollution (86% agree*)', ' Dermatologically tested', ' *when tested on 109 women']"
The Body Shop,Face Masks,Tea Tree 3-in-1 Wash Scrub Mask,Tea Tree,"Aqua/Water/Eau, Kaolin, Glycerin, Propanediol, Perlite, Argilla/Magnesium Aluminum Silicate, Xanthan Gum, Cocamidopropyl Betaine, Sodium Laureth Sulfate, Decyl Glucoside, PEG-7 Glyceryl Cocoate, Alcohol Denat., Jojoba Esters, Phenoxyethanol, Melaleuca Alternifolia Leaf Oil/Melaleuca Alternifolia (Tea Tree) Leaf Oil, Sodium Chloride, Citric Acid, Salicylic Acid, Calophyllum Inophyllum Seed Oil, Ethylhexylglycerin, Menthol, Trisodium Ethylenediamine Disuccinate, Sodium Benzoate, Tetrasodium Pyrophosphate, Leptospermum Petersonii Oil, Tocopherol, CI 77891/Titanium Dioxide, CI 77499/Iron Oxides.",Acne Prone,"Our Tea Tree 3-in-1 Wash.Scrub.Mask gives you three products in one to help battle blemishes and excess oil. When used as a wash, the foaming product removes impurities and excess oil; as a scrub, the exfoliants unclog pores to leave skin feeling smoother. When applied as a mask, the drying clay deeply cleanses and mattifies and helps maintain clearer looking skin.","['100% vegan ', 'Enriched with Community Trade Tea Tree Oil from the foothills of Mount Kenya ', 'Soothes and calms skin while absorbing excess oil ', 'Clay mask for blemished skin']"
The Body Shop,Face Cleansers,Vitamin C Glow Revealing Liquid Peel,Camu Camu,"Aqua/Water/Eau, Glycerin, Alcohol Denat., Carbomer, Palmitamidopropyltrimonium Chloride, Propylene Glycol, PPG-26-Buteth-26, Polyglyceryl-4 Caprate, Polyglyceryl-6 Caprylate, PEG-40 Hydrogenated Castor Oil, Parfum/Fragrance, Limonene, 3-O-Ethyl Ascorbic Acid, Citric Acid, Benzyl Salicylate, Myrciaria Dubia Fruit Extract, Linalool, Benzyl Alcohol, Aloe Barbadensis Leaf Juice Powder.",All,The Vitamin C Glow Revealing Liquid Peel specifically targets pollutants that are left sitting on the skin at the end of the day.,"['This transforming gel-to-peel texture peels away dull, tired city skin for a happy healthy glow', 'The PH of the gel helps to release surface cells', 'Contains our most potent Camu Camu Berry. 60 times more Vitamin C concentration than an orange!', ' Learn how to get glowing skin! ', ' Enriched with community trade  Camu Camu from Peru']"
The Body Shop,Face Cleansers,Vitamin E Cream Cleanser,Shea,"Aqua/Water (Solvent/Diluent), Ethylhexyl Palmitate (Skin Conditioning Agent), Isohexadecane (Emollient/Solvent), Sorbitol (Humectant), Dimethicone (Skin Conditioning Agent), Sorbitan Stearate (Emulsifier), Triticum Vulgare Germ Oil/Triticum Vulgare (Wheat) Germ Oil (Emollient), Glycine Soja Oil/Glycine Soja (Soybean) Oil (Emollient/Skin Conditioner), Phenoxyethanol (Preservative), Glyceryl Stearate (Emulsifier), PEG-100 Stearate (Surfactant), Cetearyl Alcohol (Emulsifier), Tocopheryl Acetate (Antioxidant), Butyrospermum Parkii Butter/Butyrospermum Parkii (Shea) Butter (Skin Conditioning Agent - Emollient), Acrylates/C10-30 Alkyl Acrylate Crosspolymer (Stabiliser/Viscosity Modifier), Parfum/Fragrance (Fragrance), Ethylhexylglycerin (Skin Conditioning Agent), Sodium Hydroxide (pH Adjuster), Benzyl Benzoate (Fragrance Ingredient), Disodium EDTA (Chelating Agent), Geraniol (Fragrance Ingredient), Linalool (Fragrance Ingredient), Limonene (Fragrance Ingredient), Citronellol (Fragrance Ingredient), Citric Acid (pH Adjuster).",All,"Our Vitamin E Cream Cleanser is a light and creamy cleanser that gently lifts dirt, makeup and impurities to leave skin feeling soft, supple and smooth. This cleanser contains wheatgerm oil to hydrate & protect from moisture loss, making it especially effective for dry and dull skin types.","['Perfect for all skin types, especially dry & dull skin', 'Contains antioxidants to protect skin from free radicals', 'Helps improve smoothness of skin', 'Pairs perfectly with our  Vitamin E Nourishing Night Cream ', 'Enriched with Community Trade Shea Butter from Ghana']"
The Body Shop,Face Cleansers,Vitamin C Daily Glow Cleansing Polish,Camu Camu,"Aqua/Water/Eau, Glycerin, Coco-Glucoside, Cocamidopropyl Betaine, Sodium Laureth Sulfate, Perlite, Sodium Chloride, Acrylates/C10-30 Alkyl Acrylate Crosspolymer, Benzyl Alcohol, Phenoxyethanol, Xanthan Gum, Jojoba Esters, Sodium Benzoate, Magnesium Ascorbyl Phosphate, Parfum/Fragrance, Sodium Citrate, Sodium Gluconate, Disodium EDTA, Linalool, Limonene, Benzyl Benzoate, Aloe Barbadensis Leaf Juice Powder, Citric Acid, Myrciaria Dubia Fruit Extract, Sodium Hydroxide, CI 73360/Red 30 Lake, CI 77492/Iron Oxides.",All,Remove dull skin cells and reveal radiance with Vitamin C Daily Glow Cleansing Polish. This Vitamin C face wash gently exfoliates and is enriched with jojoba particles to effectively clean skin leaving it smooth and revitalized.,"['Best for dull skin and those in need of a daily facial cleansing wash', 'Contains camu camu berry with 20x more Vitamin C than an orange', 'For a concentrated skin treatment after washing, pair with Drops of Youthâ„¢ Youth Concentrate', 'Learn how to get glowing skin! ', ' Enriched with community trade  Camu Camu from Peru']"
The Body Shop,Face Cleansers,Vitamin E Gentle Facial Wash,Shea,"Aqua/Water, Glycine Soja Oil/Glycine Soja (Soybean) Oil, Coco-Glucoside, Hydroxypropyl Starch Phosphate, Coco-Betaine, Sodium Methyl Cocoyl Taurate, Sodium Chloride, Acrylates/C10-30 Alkyl Acrylate Crosspolymer, Phenoxyethanol, Tocopheryl Acetate, Sodium Benzoate, Sodium Gluconate, Parfum/Fragrance, Rubus Idaeus Seed Oil/Rubus Idaeus (Raspberry) Seed Oil, Benzyl Benzoate, Benzyl Alcohol, Sodium Hydroxide, Geraniol, Linalool, Tocopherol, Limonene, Hydroxycitronellal, Alpha-Isomethyl Ionone, Cinnamyl Alcohol, Citric Acid, CI 14700/Red 4, CI 19140/Yellow 5.",Sensitive,"A gentle facial wash that lathers on the skin to leave it feeling clean, soft and refreshed.","['Face Wash', "" Wheat germ oil, one of nature's richest resouces of Vitamin E, moisturises, nourishes and helps to condition the skin."", 'Vitamin E helps to condition and protect of skin', 'Cleans the skin without drying it out', 'Helps to remove excess oil, light makeup and impurities']"
The Body Shop," Face,  Eyes & Lips",Oils of Lifeâ„¢ Intensely Revitalizing Cleansing Oil-In Gel,Black Cumin Seed Oil,"Glycerin, Olea Europaea Fruit Oil/Olive Fruit Oil, Helianthus Annuus Seed Oil/Sunflower Seed Oil, Aqua/Water/Eau, Sucrose Palmitate, Glycereth-26, Phenoxyethanol, Parfum/Fragrance, Tocopherol, Rosa Canina Fruit Oil, Nigella Sativa Seed Oil, Camellia Oleifera Seed Oil, Trisodium Ethylenediamine Disuccinate, Linalool, Limonene, Glycine Soja Oil/Soybean Oil, Geraniol, Citronellol, Citric Acid, CI 15985/Yellow 6, CI 19140/Yellow 5.",Dry,"Gently cleanse your skin with the nourishing Oils of Lifeâ„¢ Intensely Revitalizing Cleansing Oil-In-Gel, infused with a blend of 3 precious seed oils. Discover the unique sensorial texture that slowly transitions from a rich, gel texture that effortlessly glides over skin, into a light, milk lotion once in contact with water. This rich gel formula contains over 30% of pure oils, helping to gently cleanse your skin by removing and dissolving impurities while providing extra comfort in the process. After rinse-off your skin feels smoother, appears more radiant, and is moisturized up to 72 hours.","['Formulated with black cumin oil from Egypt, rosehip oil from Chile and camelia oil from China', ' Enriched with  Community trade organic olive oil from Italy ', '  Skin appears smoother on the surface (95% agree) ', '   Skin appears revitalized (88% agree)', ' Skin feels nourished (93% agree)', ' Skin is moisturized up to 72h ', ' Dermatologically tested ', 'Suitable for sensitive skin']"
The Body Shop,Face Cleansers,Vitamin C Glow Boosting Microdermabrasion Exfoliator,Camu Camu,"Aqua/Water/Eau, Glycerin, Perlite, Aluminum Silicate, Prunus Amygdalus Dulcis Oil/Prunus Amygdalus Dulcis (Sweet Almond) Oil, C15-19 Alkane, Butyrospermum Parkii Butter/Butyrospermum Parkii (Shea) Butter, Cetearyl Alcohol, Glyceryl Stearate, PEG-100 Stearate, Phenoxyethanol, Acrylates/C10-30 Alkyl Acrylate Crosspolymer, Caprylyl Glycol, Polysorbate 60, Parfum/Fragrance, Xanthan Gum, Sodium Hydroxide, Limonene, 3-O-Ethyl Ascorbic Acid, Trisodium Ethylenediamine Disuccinate, Benzyl Salicylate, Myrciaria Dubia Fruit Extract, Linalool, Benzyl Alcohol, Carica Papaya Fruit Extract/Carica Papaya (Papaya) Fruit Extract, Mangifera Indica Fruit Extract/Mangifera Indica (Mango) Fruit Extract, Aloe Barbadensis Leaf Juice Powder, Leuconostoc/Radish Root Ferment Filtrate, Citric Acid, CI 15510/Orange 4, CI 19140/Yellow 5, CI 15985/Yellow 6.",All,"Improve skin texture and tone with the Vitamin C Glow Boosting Microdermabrasion Facial Exfoliator. Containing micro-sized garnet exfoliating particles to give skin a thorough and intense weekly exfoliation. It helps to renew skin texture and tone. Smooth dry, flaky skin away for a brighter, refined and refreshed complexion!","['Best for tired, dull skin in need of a radiance boosting exfoliating treatment', 'Ultra-fine exfoliating garnet particules stimulate skin renewal and leave skin incredibly soft and smooth', 'Contains Camu Camu Berry with 20x more Vitamin C than an orange', 'For an extra boost of youthful glow, pair with Vitamin C Glow Boosting Moisturizer ', 'Enriched with Community Trade Shea Butter from Ghana', 'Learn how to get glowing skin! ', ' Enriched with community trade  Camu Camu from Peru']"
The Body Shop,Toners,Aloe Calming Toner,Aloe Vera,"Aqua/Water (Solvent), Pentylene Glycol (Solvent), Sorbitol (Humectant), Butylene Glycol (Humectant), Glycerin (Humectant), Propanediol (Viscosity Modifier), Polysorbate 20 (Emulsifier), Caprylyl Glycol (Skin Conditioning Agent), Aloe Barbadensis Leaf Juice (Skin Conditioning Agent), Citric Acid (pH Adjuster), Sodium Hydroxide (pH Adjuster).",Sensitive,"Gently tone, prime and refresh your skin with our soothing toner. Aloe effectively removes residual impurities, to refresh and clarify sensitive skin.","['Formulated for sensitive skin ', 'No added fragrance, color or alcohol', 'Formulated without preservatives', ' Enriched with community trade Aloe Vera from Mexico']"
The Body Shop,Moisturizers,Roots of Strengthâ„¢ Firming Shaping Essence Lotion,Soya,"Aqua / Water / Eau, Glycerin, Propylene Glycol, Dipropylene Glycol, Butylene Glycol, Phenoxyethanol, PEG-60 Hydrogenated Castor Oil, Arginine, Chlorphenesin, PEG-20, Salicylic Acid, Ruscus Aculeatus Root Extract, Sodium Hyaluronate, Xanthan Gum, Parfum / Fragrance, Phospholipids, Zingiber Officinale Root Extract / Ginger Root Extract, Disodium EDTA, Adenosine, Panax Ginseng Root Extract, Glycine Soja Oil / Soybean Oil, Tocopherol, Limonene, Citral, Linalool, Geraniol, Citric Acid.",All,"Infused with root extracts, this refreshing and lightweight daily essence lotion combines the lightweight freshness of water with the comfort of a moisturizing gel. Your skin is instantly replenished with moisture and comfort. Your skinâ€™s texture looks refined and firmer as if reshaped.  Use after cleansing to activate your skin before using a serum.","['100% vegetarian', ' Firming and shaping lotion', 'Lightweight hydration', 'Enriched with 3 root extracts: Ginger from Madagascar, Ginseng from China and Ruscus from Europe and Community Trade  Soya Oil  from Brazil', 'Skin feels instantly replenished with moisture and comfort.*', 'Dermatologically tested. Suitable for sensitive skin', 'Formulated without mineral oil, paraffin and petrolatum.*Self-assessment on 104 women']"
The Body Shop,Face Cleansers,Aloe Calming Foaming Wash,Aloe Vera,"Aqua/Water (Solvent), Pentylene Glycol (Solvent), Sodium Cocoamphoacetate (Surfactant), Sorbitol (Humectant), Glycerin (Humectant), Butylene Glycol (Humectant), Citric Acid (pH Adjuster), Sodium Chloride (Viscosity Modifier), Sodium Laureth Sulfate (Surfactant), Disodium Cocoyl Glutamate (Surfactant), Polyglyceryl-2 Caprate (Skin-Conditioning Agent), Polysorbate 20 (Emulsifier), Coco-Glucoside (Surfactant), Levulinic Acid (Skin Conditioning Agent), Sodium Hydroxide (pH Adjuster), p-Anisic Acid (pH Modifier), Sodium Cocoyl Glutamate (Surfactant), Aloe Barbadensis Leaf Juice (Skin Conditioning Agent).",Sensitive,"Gently cleanse your skin with our refreshing Aloe face wash. Your skin will be left feeling clean, fresh and calmed. Our foaming wash provides daily cleansing for sensitive skin.","['Foaming Face Wash', ' Formulated for sensitive skin', 'No added fragrance, color or alcohol', 'Formulated without preservatives', ' Enriched with community trade Aloe Vera from Mexico']"
The Body Shop,Face Cleansers,Drops of Youthâ„¢ Youth Gentle Foamwash,Edelweiss Stem Cells,"Aqua/Water /Eau, Glycerin, Sucrose, Coco-Glucoside, Propanediol, Disodium Cocoyl Glutamate, Polyglyceryl-4 Caprate, Sodium Cocoyl Glutamate, Sucrose Laurate, Sodium Benzoate, Salicylic Acid, Parfum/Fragrance, Linalool, Citronellol, Eryngium Maritimum Extract, Crithmum Maritimum Extract, Orbignya Oleifera Seed Oil, Leontopodium Alpinum Callus Culture Extract, Citric Acid, Xanthan Gum, Sodium Hydroxide.",All,"Enriched with plant stem cells, our instantly foaming face wash upon rinse-off leaves skin fresh and replenished. The youth-enhancing formula thoroughly cleanses the skin without drying, leaving your skin feeling smoother, softer and renewed.  ","['100% vegetarian', ' Instantly foaming, non-drying daily face wash', 'Enriched with 3 plant stem cells:  Edelweiss   from the Italian alps,  Criste Marine  and  Sea Holly  from the Brittany Coast and Community Trade organic  Babassu Oil  from Brazil ', '96% agree skin feels fresher after the very first use*', 'Dermatologically tested', 'Suitable for sensitive skin.*Self-assessment on 115 women']"
The Body Shop,Toners,Chinese Ginseng & Rice Clarifying Milky Toner,Sesame Oil,"Aqua/?Water/?Eau, Propanediol, Butylene Glycol, Sesamum Indicum Seed Oil/?Sesamum Indicum (Sesame) Seed Oil, Phenoxyethanol, Caprylyl Glycol, Parfum/?Fragrance, Acrylates/?C10-30 Alkyl Acrylate Crosspolymer, Propylene Glycol, Trisodium Ethylenediamine Disuccinate, Panax Ginseng Root Extract/?Panax Ginseng (Ginseng) Root Extract, Limonene, Sodium Hydroxide, Citral, Citronellol, Linalool, Eugenol, Dextrin, Oryza Sativa Extract/?Oryza Sativa (Rice) Extract",All,"Enriched with Chinese rice and ginseng extract and Community Trade sesame seed oil from Nicaragua, our 100% vegan formula leaves skin  looking visibly smoother, brighter and revitalized.","[' For brighter-looking skin', 'Infused with Chinese rice and ginseng extract and Community Trade sesame seed oil from Nicaragua', '100% vegan', 'Formulated without alcohol', '82% of women agree that their skin looked instantly brighter (based on trial results from 107 women)']"
The Body Shop,Face Cleansers,Aloe Calming Cream Cleanser,Aloe Vera,"Aqua/Water (Solvent), Pentylene Glycol (Solvent), Butylene Glycol (Humectant), Caprylic/Capric Triglyceride (Emollient), Sorbitol (Humectant), Glycerin (Humectant), Glyceryl Stearate Citrate (Skin-Conditioning Agent), Propanediol (Viscosity Modifier), Cetearyl Alcohol (Emulsifier), Glyceryl Stearate (Emulsifying Agent), Dimethicone (Skin Conditioning Agent), Butyrospermum Parkii Butter/Butyrospermum Parkii (Shea) Butter (Skin Conditioning Agent - Emollient), Orbignya Oleifera Seed Oil (Emollient), Caprylyl Glycol (Skin Conditioning Agent), Acrylates/C10-30 Alkyl Acrylate Crosspolymer (Stabiliser/Viscosity Modifier), Xanthan Gum (Viscosity Modifier), Disodium Phosphate (pH Buffer), Aloe Barbadensis Leaf Juice (Skin Conditioning Agent), Sodium Hydroxide (pH Adjuster), Citric Acid (pH Adjuster).",Sensitive,"This comforting rich cream cleanser moisturizes and gently cleanses sensitive skin. Melt away impurities and reveal skin that feels clean, refreshed and calm.","['Cream Cleanser', ' Formulated for sensitive skin ', 'No added fragrance, color or alcohol', 'Formulated without preservatives', ' Enriched with community trade Aloe Vera from Mexico']"
The Body Shop,Moisturizers,Vitamin C Glow-protect Lotion SPF 30,Camu Camu,"Water (Solvent/Diluent), Ethylhexyl Methoxycinnamate (Sunscreen), Isododecane (Solvent), Octisalate (Sunscreen), Octocrylene (Sunscreen), Hydrogenated Polydecene (Skin Conditioning Agent), Glycerin (Humectant), Glyceryl Stearate (Emulsifier), Arachidyl Alcohol (Emulsion Stabiliser), Butyl Methoxydibenzoylmethane (Sunscreen), Caprylyl Glycol (Skin Conditioning Agent), Behenyl Alcohol (Emollient), PEG-100 Stearate (Surfactant), Arachidyl Glucoside (Surfactant/Emulsifying Agent), Cetyl Alcohol (Emulsifier), Sesamum Indicum (Sesame) Seed Oil (Skin-Conditioning Agent), Tetrahexyldecyl Ascorbate (Antioxidant), Phenoxyethanol (Preservative), Acrylamide/Ammonium Acrylate Copolymer (Binder), Fragrance (Fragrance), Xanthan Gum (Viscosity Modifier), Dimethicone (Skin Conditioning Agent), Polyisobutene (Binder), Myrciaria Dubia Fruit Extract (Skin-Conditioning Agent), Disodium EDTA (Chelating Agent), Sorbic Acid (Preservative), Linalool (Fragrance Ingredient), Polysorbate 20 (Emulsifier), Sorbitan Isostearate (Emulsifier), Limonene (Fragrance Ingredient), Benzyl Benzoate (Solvent), Potassium Sorbate (Preservative), Hexyl Cinnamal (Fragrance Ingredient), Citronellol (Fragrance Ingredient).",Dry,"Enhance the natural radiance of your skin while helping to protect your complexion from the sun with our Vitamin C Glow-Protect Lotion SPF30. Ideal for daily use to hydrate and help to protect, leaving the skin looking glowing.","['For dull, tired, grumpy skin', 'SPF30 with UVA and UVB protection', 'Hydrates and helps protects skin', 'Gives skin a brighter, more radiant appearance', 'Softens and smoothes', 'Learn how to get glowing skin! ']"
The Body Shop,Serums,Drops Of Youthâ„¢ Youth Concentrate,Edelweiss Stem Cells,"Aqua/Water/Eau, Glycerin, Propanediol, Alcohol Denat., Fagus Sylvatica Bud Extract, Sodium Hyaluronate, Benzyl Alcohol, Xanthan Gum, Salicylic Acid, Sodium Hydroxide, Adenosine, Parfum/Fragrance, Leontopodium Alpinum Callus Culture Extract, Linalool, Crithmum Maritimum Extract, Eryngium Maritimum Extract, Orbignya Oleifera Seed Oil, Citronellol, Malva Sylvestris Flower Extract/Mallow Flower Extract, Benzoic Acid, Sorbic Acid, Citric Acid, Limonene, Sodium Benzoate, Potassium Sorbate.",All,"Target the first signs of ageing with our youth-enhancing concentrate. This refreshing gel-like serum is infused with three plant stem cells, and leaves skin feeling instantly smoother and replenished with moisture. Skin unveils a healthy luminousity and a youthful bounce. ","['Quick-absorbing, non-sticky serum', ' Instantly moisturizing', ' Silicone-free & Paraben-free', ' 99% of ingredients are of natural origin ', ' Enriched with  Edelweiss Plant Cells from Italy,  Sea Holly Plant Cells &   Criste Marine Plant Cells from France', ' Pores look tightened, Skin feels bouncier, Lines appear smoothed*', ' Skin looks more luminous**', ' * Results from Youth Concentrate self-assessment on 112 women ', ' ** Results from Youth Concentrate self-assessment on 154 women ', ' Follow our  step by step Drops Of Youth â„¢ Routine ', ' This product is not available for shipment to Alaska and Hawaii ']"
The Body Shop,Overnight Treatments,Vitamin E Nourishing Night Cream,Cocoa,"Aqua/Water/Eau, Butylene Glycol, Isocetyl Stearate, Cetyl Alcohol, Coco-Caprylate/Caprate, Isopropyl Palmitate, Glycerin, Cetearyl Alcohol, Glycine Soja Oil/Glycine Soja (Soybean) Oil, Myristyl Myristate, Glyceryl Stearate, PEG-100 Stearate, Caprylic/Capric Triglyceride, Theobroma Cacao Seed Butter/Theobroma Cacao (Cocoa) Seed Butter, Phenoxyethanol, Caprylyl Glycol, Rubus Idaeus Seed Oil/Rubus Idaeus (Raspberry) Seed Oil, Tocopheryl Acetate, Carbomer, Panthenol, Parfum/Fragrance, Sodium Stearoyl Glutamate, Trisodium Ethylenediamine Disuccinate, Sodium Hydroxide, Sodium Hyaluronate, Benzyl Benzoate, Benzyl Alcohol, Geraniol, Linalool, Limonene, Hydroxycitronellal, Alpha-Isomethyl Ionone, Citric Acid, CI 14700/Red 4, CI 19140/Yellow 5.",All,"The Vitamin E Nourishing Night Cream contains rich wheat germ oil to replenish and revitalize skin while you snooze. A rich, nourishing cream that helps replenish antioxidant and moisture levels overnight, when the skin is at its most receptive. It leaves skin feeling soft and smooth. ","['Intensively hydrates', 'Works when skin is at its most receptive', ' Pairs well with others products from the  Vitamin E Collection']"
The Body Shop,Moisturizers,Vitamin E Intense Moisturizer,Olive,"Aqua/Water/Eau, Glycerin, Dimethicone, Olea Europaea Fruit Oil/Olea Europaea (Olive) Fruit Oil, Butyrospermum Parkii Butter/Butyrospermum Parkii (Shea) Butter, Butylene Glycol, Cetearyl Alcohol, Cetearyl Glucoside, Triticum Vulgare Germ Oil/Triticum Vulgare (Wheat) Germ Oil, Cyclopentasiloxane, Vitis Vinifera Seed Oil/Vitis Vinifera (Grape) Seed Oil, Cetyl Alcohol, Sodium Polyacrylate, Polysilicone-11, Phenoxyethanol, Dimethicone Crosspolymer, Tocopherol, Panthenol, Parfum/Fragrance, Sodium Stearoyl Glutamate, Xanthan Gum, Methylparaben, Benzyl Benzoate, Propylene Glycol, Retinyl Palmitate, Sodium Hyaluronate, Disodium EDTA, Ethylparaben, Butylparaben, Hydroxycitronellal, Sodium Hydroxide, Geraniol, Myristyl Alcohol, Stearyl Alcohol, Propylparaben, Saccharide Isomerate, Linalool, Limonene, Alpha-Isomethyl Ionone, Cinnamyl Alcohol, Citric Acid.",All,"Everybody's favorite and our bestseller, the Vitamin E Intense Moisturizer, is an easily absorbed daily moisturizing cream that has the lightness of a lotion with the moisturizing benefits of a cream. It helps protect the skin, leaving it feeling soft, smooth and healthy-looking. ","['Targets dry skin on face ', 'Long-lasting hydration', ' Leaves skin feeling silky-smooth', ' Enriched withd wheatgerm oil', "" Helps to restore skin's natural moisture barrier"", ' Discover the benefits of Vitamin E for all skin types']"
The Body Shop,Moisturizers,Vitamin E Gel Moisture Cream,Aloe Vera,"Aqua/Water/Eau, Butylene Glycol, Alcohol Denat., Glycerin, Carbomer, Polyglyceryl-4 Caprate, Phenoxyethanol, Caprylyl Glycol, Tocopheryl Acetate, Sodium Hydroxide, Sodium Hyaluronate, Parfum/Fragrance, Salicylic Acid, Trisodium Ethylenediamine Disuccinate, Benzyl Benzoate, Rubus Idaeus Juice/Rubus Idaeus (Raspberry) Juice, Benzyl Alcohol, Geraniol, Linalool, Limonene, Hydroxycitronellal, Sodium Benzoate, Alpha-Isomethyl Ionone, Potassium Sorbate, CI 14700/Red 4.",Combination,"Help protect your skin from external aggressors and lock in moisture for 48-hours of hydration with our new Vitamin E Gel Moisture Cream. This oil-free, lightweight and fast absorbing daily moisturizer is formulated with natural origin hyaluronic acid derived from bio-fermented wheat-germ from Pomacle, France and raspberry extract, containing Vitamin E, to refresh and re-plump your skin with moisture. 
","['Oil-free daily facial moisturizer ', ' Enriched with Community Trade Organic Aloe Vera']"
The Body Shop,NA,Vitamin E Moisture Cream,Beeswax,"Aqua/Water/Eau, Isopropyl Palmitate, Glycerin, Bis-Diglyceryl Polyacyladipate-2, Cetyl Esters, Glyceryl Stearate, PEG-100 Stearate, Steareth-2, Cera Alba/Beeswax/Cire d’abeille, Phenoxyethanol, Tocopheryl Acetate, Steareth-20, Carbomer, Triticum Vulgare Germ Oil/Triticum Vulgare (Wheat) Germ Oil, p-Anisic Acid, Ethylhexylglycerin, Parfum/Fragrance, Sodium Hydroxide, Aloe Barbadensis Leaf Juice Powder, Butyrospermum Parkii Butter/Butyrospermum Parkii (Shea) Butter, Benzyl Benzoate, Sodium Hyaluronate, Disodium EDTA, Hydroxycitronellal, Limonene, Geraniol, Linalool, Citronellol, Cinnamyl Alcohol, Alpha-Isomethyl Ionone, Citric Acid, CI 14700/Red 4, CI 19140/Yellow 5.",All,"Our lightweight, easily absorbed facial moisturizer protects and locks in moisture for all-day hydration, to leave skin feeling fresh, silky-soft and looking more radiant. Now formulated with vitamin E, plumping hyaluronic acid and wheatgerm oil, its moisturizing effects can help ward off dryness. Use after cleansing and toning, as part of your personalized skincare program.","['Hydrates skin leaving it smooth and fresh ', 'Light and easily absorbed ', 'Use daily for softer, healthy-looking skin ', 'Use fingertips to apply to face and neck after cleansing and toning ', 'Suitable for all skin types, particularly dry skin']"
The Body Shop,Moisturizers,Aloe Soothing Day Cream,Aloe Vera,"Aqua/Water/Eau, Caprylic/Capric Triglyceride, Cocos Nucifera Oil/Cocos Nucifera (Coconut) Oil,Glycerin, Propanediol, Butylene Glycol, Cetearyl Alcohol, Myristyl Myristate, Sesamum Indicum Seed Oil/Sesamum Indicum (Sesame) Seed Oil, Cetyl Alcohol, Myristyl Alcohol, Stearic Acid, Cetearyl Glucoside, Palmitic Acid, Phenoxyethanol, Caprylyl Glycol, Aloe Barbadensis Leaf Juice Powder, Acrylates/C10-30 Alkyl Acrylate Crosspolymer, Myristyl Glucoside, Sodium Gluconate, Centella Asiatica Leaf Extract, Sodium Hydroxide, Xanthan Gum, Myristic Acid.",Sensitive,"The Aloe Soothing Day Cream is a gentle moisturizer that helps calm sensitive and dry skin. Formulated without fragrance, color, preservatives and alcohol, this is the perfect choice for sensitive skin.","['Formulated for sensitive skin', ' Enriched with community trade Aloe Vera from Mexico']"
The Body Shop,Serums,Vitamin E Overnight Serum-in-oil,Sesame Oil,"Caprylic/?Capric Triglyceride, Dicaprylyl Carbonate, Triticum Vulgare Germ Oil, Prunus Amygdalus Dulcis Oil, Helianthus Annuus Seed Oil, Sesamum Indicum Seed Oil, Simmondsia Chinensis Seed Oil, Sclerocarya Birrea Seed Oil, Glycine Soja Oil, Parfum, Tocopheryl Acetate, Benzyl Benzoate, Geraniol, Linalool, Limonene, Citronellol, Tocopherol, Benzyl Salicylate, Eugenol, Citral, Anise Alcohol, Citric Acid",All,"Wake up to beautiful skin with new Vitamin E Overnight Serum-In-Oil, a technical innovation combining the power of a serum and oil to indulge, replenish and recharge skin with moisture overnight.","['8h beauty sleep for your skin', 'Skin feels recharged, replenished and softer', 'Skin looks fresher, rested and more radiant', 'Our highest concentration of wheatgerm oil', 'Non-greasy, fast-absorbing formula', ' Enriched with community trade  Soya from Brazil ', ' To complete your daily routine, shop our  Vitamin E Collection', ' Enriched with community trade  Marula from Namibia']"
The Body Shop,Moisturizers,Aloe Soothing Moisture Lotion SPF 15,Aloe Vera,"Aqua/Water/Eau, Ethylhexyl Methoxycinnamate, Octocrylene, Glycerin, Butyl Methoxydibenzoylmethane, Butylene Glycol, Butyrospermum Parkii Butter/Butyrospermum Parkii (Shea) Butter, Cetearyl Alcohol, Glyceryl Stearate, PEG-100 Stearate, Caprylic/Capric Triglyceride, Sesamum Indicum Seed Oil/Sesamum Indicum (Sesame) Seed Oil, Aloe Barbadensis Leaf Juice, Phenoxyethanol, Caprylyl Glycol, Xanthan Gum, Parfum/Fragrance, Sodium Benzoate, Disodium EDTA, Linalool, Sodium Hydroxide, Tocopherol, Citric Acid, Limonene, Benzyl Benzoate, Citral, Geraniol, Coumarin, CI 19140/Yellow 5, CI 42090/Blue 1.",Sensitive,"Soothe your skin while helping to keep it protected from the sun with our lightweight SPF15 moisturizer. Skin feels softer, protected and moisturized.","['Moisturizing Lotion formulated for sensitive skin ', 'With SPF15', 'No added fragrance, color or alcohol', 'Enriched with community trade Aloe Vera from Mexico']"
The Body Shop,Overnight Treatments,Drops of Youthâ„¢ Bouncy Sleeping Mask,Babassu,"Aqua/Water/Eau, Propanediol, Glycerin, Dimethicone, Helianthus Annuus Hybrid Oil, Polysorbate 20, Diheptyl Succinate, Acrylates/Beheneth-25 Methacrylate Copolymer, Phenoxyethanol, Tocopheryl Acetate, Orbignya Oleifera Seed Oil, Benzyl Alcohol, Caprylhydroxamic Acid, Sodium Hyaluronate, Sodium Hydroxide, Parfum/Fragrance, Disodium EDTA, Adenosine, Caffeine, Capryloyl Glycerin/Sebacic Acid Copolymer, Linalool, Citronellol, Leontopodium Alpinum Meristem Cell Culture, Limonene, Citric Acid, Xanthan Gum.",All,"This refreshing overnight face mask has been formulated to address the first signs of ageing. Enriched with edelweiss stem cells, the innovative bouncy, gel-cream texture molds itself like a second skin for instant hydration. Wake up to soft, youthful looking skin that feels plumper, replenished and renewed.","['100% vegan', 'For all skin types and first signs of aging', 'Overnight Face Mask', 'Smoothes and refreshes skin', ' Enriched with  Edelweiss Plant Cells from Italy and Community Trade organic babassu oil from Brazil', 'Follow our  step by step Drops Of Youth â„¢ Routine ', 'Smoothes and refreshes skin', ' Skin feels renewed', ' Dermatologically tested']"
The Body Shop,Sensitive Skin,Aloe Multi-Use Soothing Gel,Aloe Vera,"Aqua, Pentylene Glycol, Propanediol, Glycerin, Phenoxyethanol, Acrylates/C10-30 Alkyl Acrylate Crosspolymer, Aloe Barbadensis Leaf Juice Powder, Sodium Hydroxide, Caprylyl Glycol, Trisodium Ethylenediamine Disuccinate, PEG-30 Dipolyhydroxystearate, Trideceth-6.","Sensitive, Dry","New refreshing, lightweight face and body gel moisturizer that hydrates and helps soothe dry, sensitive skin. Non-greasy and gentle on skin. Can be used as an overnight leave-on mask to restore comfort of skin. Enriched with 90% gel from Community Trade aloe vera from Campeche, Mexico. Formulated without alcohol, colorants, and fragrance.","['Face and Body cooling moisturizer', 'Hydrating, soothing and refreshing', 'Non-greasy, gentle on skin', 'Formulated for sensitive skin', 'Dermatologically tested', ' Enriched with community trade Aloe Vera from Mexico']"
The Body Shop,Moisturizers,Oils Of Lifeâ„¢ Intensely Revitalizing Cream,Black Cumin Seed Oil,"Aqua, Hydrogenated Polyisobutene, Dimethicone, Glycerin, Aluminum Starch Octenylsuccinate, Cetyl Alcohol, PEG-40 Stearate, Glyceryl Stearate, Octyldodecanol, Olea Europaea Fruit Oil, Butyrospermum Parkii Butter, Fagus Sylvatica Bud Extract, Phenoxyethanol, Polyacrylamide, Sorbitan Tristearate, Rosa Canina Fruit Oil, Camellia Oleifera Seed Oil, Caprylyl Glycol, C13-14 Isoparaffin, Glycine Soja Protein, Mica, Parfum, Tocopherol, Adenosine, Nigella Sativa Seed Oil, Laureth-7, Linalool, Myristyl Alcohol, Stearyl Alcohol, Disodium EDTA, Citric Acid, Limonene, Sodium Cocoyl Glutamate, Geraniol, Citronellol, Ethylhexylglycerin, Sodium Benzoate, Potassium Sorbate, Benzoic Acid, Tin Oxide, Sorbic Acid, CI 77891, CI 19140, CI 14700.",All,"This rich and silky daily cream contains a blend of three precious seed oils from around the world. It intensely revitalizes skin, replenishes moisture and revives radiance. The cream effortlessly melts into skin for a comfortable finish that feels light and non-greasy.","['Silky-soft daily nourishing cream infused with 3 precious seed oils from around the world to replenish and revitalise skin.', ' Cold-pressed seed oils to preserve potent properties and ensure the utmost affinity to skin.', ' Comfortable but light and non-greasy', ' Pairs perfectly with our Intensely Revitalizing Facial Oil  ', ' Enriched with   Black Cumin Seed Oil from Egypt,  Camellia Seed Oil from China,  Rosehip Oil from Chile and Community Trade organic olive oil from Italy ', 'Skin looks smoother and feels suppler', 'Suitable for all skin types, and skin lacking nourishment and radiance ', 'Self-assesment 167 women']"
The Body Shop,Serums,Oils Of Lifeâ„¢ Intensely Revitalizing Facial Oil,Black Cumin Seed Oil,"Caprylic/Capric Triglyceride, Olea Europaea Fruit Oil, Simmondsia Chinensis Seed Oil, Camelina Sativa Seed Oil, Rosa Canina Fruit Oil, Camellia Oleifera Seed Oil, Nigella Sativa Seed Oil, Parfum, Tocopherol, Pentaerythrityl Tetra-Di-t-Butyl Hydroxyhydrocinnamate, Limonene, Linalool, Citronellol, Geraniol, Pelargonium Graveolens Flower Oil, Rosmarinus Officinalis Leaf Oil, Origanum Majorana Leaf Oil, Anthemis Nobilis Flower Oil, Coumarin, Lavandula Angustifolia Oil, Lavandula Hybrida Oil, Citral, Citrus Aurantium Dulcis Peel Oil.","Dull, Dry","This lightweight daily facial oil instantly replenishes moisture and revives skinâ€™s radiance. It effortlessly melts into skin leaving a non-sticky, velvety-soft finish, with a quick-absorbing formula created using three precious seed oils from around the world.","['Potent daily facial oil infused with 3 precious seed oils from around the world to give new life to your skin ', ' Cold-pressed seed oils to preserve potent properties and ensure the utmost affinity to skin ', ' Made from 99% oils of natural origin ', ' Lightweight and quickly-absorbed, non-sticky finish ', ' Skin looks revitalized and feels more elastic and firmer* ', ' *User test: Facial oil on 158 women â€“ after 4 weeks ', ' Enriched with   Black Cumin Seed Oil from Egypt,  Camellia Seed Oil from China,  Rosehip Oil from Chile and Community Trade organic olive oil']"
The Body Shop,Moisturizers,Aloe Soothing Night Cream,Aloe Vera,"Aqua/Water/Eau, Glycerin, Pentylene Glycol, Caprylic/Capric Triglyceride, Butylene Glycol, Glyceryl Stearate Citrate, Isononyl Isononanoate, Elaeis Guineensis Oil/Elaeis Guineensis (Palm) Oil, Myristyl Myristate, Octyldodecanol, Sesamum Indicum Seed Oil/Sesamum Indicum (Sesame) Seed Oil, Squalane, Cetearyl Alcohol, Cetyl Alcohol, Butyrospermum Parkii Butter/Butyrospermum Parkii (Shea) Butter, Panthenol, Aloe Barbadensis Leaf Juice Powder, Acrylates/C10-30 Alkyl Acrylate Crosspolymer, Xanthan Gum, Bisabolol, Polylysine, Sodium Hydroxide, Disodium EDTA, Myristyl Alcohol, Stearyl Alcohol, PEG-30 Dipolyhydroxystearate, Trideceth-6, Avena Sativa Kernel Extract/Avena Sativa (Oat) Kernel Extract, Citric Acid.",Sensitive,"Developed to give sensitive skin extra care, our gentle, velvety aloe night cream nourishes, softens and soothes. Use overnight to restore moisture and calm the skin.","['Soothing Night Cream', 'Formulated for sensitive skin ', 'No added fragrance, color or alcohol', 'Formulated without preservatives', ' Enriched with community trade Aloe Vera from Mexico']"
The Body Shop,Moisturizers,Roots of Strengthâ„¢ Firming Shaping Day Cream,Soya,"Aqua / Water / Eau, Glycerin, Dicaprylyl Ether, Butylene Glycol, Isopropyl Isostearate, Cetyl Alcohol, Behenyl Alcohol, Poloxamer 338, Stearic Acid, Palmitic Acid, Phospholipids, Parfum / Fragrance, Disodium Stearoyl Glutamate, Caprylyl Glycol, Sodium Hydroxide, PEG-100 Stearate, Salicylic Acid, Chlorphenesin, Panax Ginseng Root Extract, Acrylonitrile/Methyl Methacrylate/Vinylidene Chloride Copolymer, PEG-12 Dimethicone, Polysilicone-11, Cetearyl Glucoside, Ruscus Aculeatus Root Extract, Sodium Hyaluronate, Pentylene Glycol, Secale Cereale Seed Extract / Rye Seed Extract, Zingiber Officinale Root Extract / Ginger Root Extract, Disodium EDTA, Adenosine, Myristic Acid, Isobutane, T-Butyl Alcohol, Limonene, Linalool, Citral, Geraniol, Tocopherol, Citronellol, BHT, Citric Acid.",All,"Unveil your skinâ€™s strength with this rich firming and shaping* cream, enriched with nature's  root extracts. Rich yet non-greasy, skin feels comfortably moisturized, firmer and denser. Fine lines appear reduced and skin feels strengthened.  Use as the final step of your Roots of Strengthâ„¢ skincare routine. ","['Rich firming and shaping day cream', '100% vegan', 'Enriched with 3 root extracts: Ginger from Madagascar, Ginseng from China and Ruscus from Europe and Community Trade  Soya Oil  from Brazil', 'Skin feels firmer, denser and strengthened **', 'Dermatologically tested', 'Formulated without mineral oil, paraffin and petroleum **Self-assessment on 123 women']"
The Body Shop,Moisturizers,Oils Of Lifeâ„¢ Sleeping Cream,Black Cumin Seed Oil,"Aqua, Glycerin, Pentaerythritol Pentaerythrityl Tetraethylhexanoate, Dimethicone, Alcohol Denat., Ammonium Acryloyldimethyltaurate/VP Copolymer, Fagus Sylvatica Bud Extract, Phenoxyethanol, Caprylyl Glycol, Dimethiconol, Mannose, Xanthan Gum, Sodium Hyaluronate, Nigella Sativa Seed Oil, Olea Europaea Fruit Oil, Rosa Canina Fruit Oil, Camellia Oleifera Seed Oil, Disodium EDTA, Adenosine, Parfum, t-Butyl Alcohol, Limonene, Linalool, Citronellol, Geraniol, Pelargonium Graveolens Flower Oil, Rosmarinus Officinalis Leaf Oil, Benzoic Acid, Origanum Majorana Leaf Oil, Sodium Hydroxide, Anthemis Nobilis Flower Oil, Coumarin, Sorbic Acid, Lavandula Angustifolia Oil, Lavandula Hybrida Oil, Citrus Aurantium Dulcis Peel Oil, Tocopherol, CI 19140, CI 14700.",All,"This nourishing night time cream,  infused with three precious seed oils from around the world, moisturizes whilst you sleep. Waking up, skin looks rested and revitalized, feels velvety-soft and more supple.","['Infused with 3 Precious Revitalizing Seed Oils ', ' Black Cumin Seed Oil from Egypt, known for its concentration in antioxidants.  Rosehip Oil from Chile, rich in repairing Omega 3 and  Camellia Seed Oil from China, naturally rich in nutritive oleic acid.', ' Enriched with Community Trade organic olive oil from Italy', 'Suitable for all skin types']"
The Body Shop,Serums,Roots of Strengthâ„¢ Firming Shaping Serum,Soya,"Aqua / Water / Eau, Glycerin, Dicaprylyl Carbonate, Alcohol Denat., Acacia Senegal Gum, Glyceryl Stearate, Mannose, Microcrystalline Cellulose, Benzyl Alcohol, Zea Mays Starch / Corn Starch, Glycine Soja Oil / Soybean Oil, Carrageenan, Parfum / Fragrance, Arginine, Salicylic Acid, Cellulose Gum, Ruscus Aculeatus Root Extract, Sodium Hyaluronate, Xanthan Gum, Zingiber Officinale Root Extract / Ginger Root Extract, Phospholipids, Adenosine, Panax Ginseng Root Extract, Limonene, Linalool, Citral, Tocopherol, Geraniol, Citronellol, Citric Acid.",Sensitive,"With a lightweight silky texture, this firming and shaping* serum leaves skin feeling smoother and refined. Taking inspiration from nature, the formula is infused with three root extracts, including ginger from Madagascar.  Wrinkles appear less visible and signs of ageing reduced. From your jawline to every contour, skin feels moisturized,  smoother, plumper and firmer, as if re-shaped. Use daily as part of your three step Roots of Strengthâ„¢ regime. 
","['99% ingredients of natural origin', '100% Vegan', 'Enriched with 3 root extracts: Ginger from Madagascar, Ginseng from China and Ruscus from Europe and Community Trade  Soya Oil  from Brazil', 'Wrinkles appear reduced in number, surface area and length**', 'Skin feels firmer, appears more plump and feels strengthened', 'Dermatologically tested. Suitable for sensitive skin', 'Formulated without mineral oil, paraffin and silicones.**Clinical test on 41 women + Self-assessment on 53 women']"
The Body Shop,Sheet Masks,Drops of Youthâ„¢ Youth Concentrate Sheet Mask,Edelweiss Stem Cells,"Aqua / Water / Eau, Glycerin, Alcohol Denat., Propanediol, Fagus Sylvatica Bud Extract, Sodium Hyaluronate, Benzyl Alcohol, Salicylic Acid, Sodium Hydroxide, Parfum / Fragrance, Adenosine, Linalool, Crithmum Maritimum Extract, Orbignya Oleifera Seed Oil, Citronellol, Malva Sylvestris Flower Extract / Mallow Flower Extract, Benzoic Acid, Sorbic Acid, Citric Acid, Limonene, Eryngium Maritimum Extract, Sodium Benzoate, Potassium Sorbate, Leontopodium Alpinum Callus Culture Extract, Xanthan Gum.",All,"In just 15 minutes get ready for bouncier, healthier-looking skin with our unique, biodegradable Drops of Youthâ„¢ Youth Concentrate Sheet Mask. Enriched with a concentrated dose of our iconic Drops of Youthâ„¢ formula, simply unfold your mask and smooth it on. Itâ€™s easy and comfortable to apply and leaves your skin feeling instantly smoother and fresher.
","['100% vegetarian', ' Biodegradable sheet mask ', ' Leaves skin feeling fresher and smoother and looking bouncier and healthier ', ' 99% ingredients of natural origin ', ' Contains 70% of the concentrate in a 1 FL OZ bottle of Drops of Youthâ„¢ Youth Concentrate ', ' Enriched with  Edelweiss,  Criste Marine and  Sea Holly plant stem cells from the Italian Alps and Brittany Coast ', ' Enriched with Community Trade organic  Babassu Oil from Brazil']"
The Body Shop,Face Masks,Japanese Matcha Tea Pollution Clearing Mask,Aloe Vera,"Aqua, Kaolin, Propanediol, Olea Europaea Fruit Oil, Glycerin, Cetearyl Alcohol, Luffa Cylindrica Fruit, Butyrospermum Parkii Butter, Glyceryl Stearate, PEG-100 Stearate, Phenoxyethanol, Parfum, Caprylyl Glycol, Polysorbate 60, Sodium Polyacrylate, Prunus Armeniaca Seed Powder, Acrylates/C10-30 Alkyl Acrylate Crosspolymer, Aloe Barbadensis Leaf Juice Powder, Tocopherol, Trisodium Ethylenediamine Disuccinate, Butyl Methoxydibenzoylmethane, Taraxacum Officinale Rhizome/Root Extract, Menthol, Sodium Hydroxide, Tetrasodium Pyrophosphate, Limonene, Citric Acid, Camellia Sinensis Leaf Extract, Ethylhexylglycerin, Sodium Benzoate, Potassium Sorbate, Caramel, CI 19140, CI 42090",All,"Enriched with matcha green tea from Kakegawa, Japan, dandelion extract and soul-soothing Community Trade aloe vera from Mexico, our indulgently creamy, 100% vegan masking formula deeply purifies, gently exfoliates andÂ  liberates your skin from the weekly build-up of city pollutants and everyday impurities.","['Helps remove pollutants and impurities', 'Reveals radiant, younger-looking skin', 'Enriched with Matcha Green Tea from Japan and Community Trade Aloe Vera from Mexico', '100% vegan', 'Most recently featured in People magazine!', '91% of women agreed pollution felt removed from their skin (based on trial results from 103 women)', 'Formulated without silicones, mineral oil or paraffins', ' Discover the benefits of our natural 100% vegetarian face masks  to reveal amazing, healthy skin!']"
The Body Shop,Face Mists,Rose Dewy Glow Face Mist,Aloe Vera,"Aqua/Water/Eau, Propanediol, Glycerin, Polysorbate 20, Phenoxyethanol, Caprylyl Glycol, Parfum/Fragrance, Trisodium Ethylenediamine Disuccinate, Propylene Glycol, Aloe Barbadensis Leaf Juice Powder, Rose Extract, Calcium Aluminum Borosilicate, Citric Acid, Silica, Prunus Cerasus Fruit Extract/Bitter Cherry Fruit Extract, Rubus Idaeus Fruit Extract/Raspberry Fruit Extract, Sodium Benzoate, Sodium Hydroxide, Potassium Sorbate, Tin Oxide, CI 77891/Titanium Dioxide.",All,"Step into the spotlight with Rose Dewy Glow Face Mist. With reflective particles, this mist gives your skin a dewy, illuminated glow for an instant confidence boost. With a blend of raspberry essence, cherry water from France and Community Trade British rose essence. Leaves skin feeling hydrated and instantly refreshed after a spritz.","[' 100% vegan ', ' Enriched with Community Trade organic aloe vera from Mexico', 'Pair with our Vitamin E Moisture Cream', ' Skin looks illuminated and dewy', ' Suitable for all skin types', ' Perfect for dull skin lacking glow ', ' Dermatologically tested', ' Make-up friendly, can be applied before of after makeup application']"
The Body Shop,Face Mists,Mint Mattifying Face Mist,Aloe Vera,"Aqua/?Water/?Eau, Tapioca Starch Polymethylsilsesquioxane, Propanediol, Glycerin, Butylene Glycol, Polysorbate 20, Phenoxyethanol, Kaolin, Caprylyl Glycol, Parfum/?Fragrance, Trisodium Ethylenediamine Disuccinate, Limonene, Aloe Barbadensis Leaf Juice Powder, Barosma Betulina Leaf Extract, Citric Acid, Mentha Viridis Leaf Extract/?Spearmint Leaf Extract, Fucus Vesiculosus Extract, Benzyl Alcohol, Linalool, Sodium Benzoate, Tetrasodium Pyrophosphate, Sodium Hydroxide, Potassium Sorbate","Oily, Combination","Stay in control with Mint Mattifying Face Mist. This mist leaves skin looking mattified and shine-free and helps reduce the appearance of excess oil. Infused with a winning combination of mint from Nicaragua, seaweed extract from Ireland and kaolin clay from the UK. Leaves skin feeling hydrated and instantly refreshed. ","['Enriched with Community Trade organic aloe vera from Mexico', 'Pairs perfectly with our Seaweed Oil-Control Gel Cream ', ' Skin looks shine-free and feels cooled', ' Suitable for all skin types ', ' Perfect for shiny, combination skin', ' Dermatologically tested', ' Non-comedogenic', ' Make-up friendly , can be applied before of after makeup application']"
The Body Shop,Face Mists,Mandarin Energizing Face Mist,Aloe Vera,"Aqua/?Water/?Eau, Propanediol, Glycerin, Polysorbate 20, Phenoxyethanol, Caprylyl Glycol, Citrus Nobilis Fruit Extract/?Mandarin Orange Fruit Extract, Caffeine, Parfum/?Fragrance, Limonene, Trisodium Ethylenediamine Disuccinate, Aloe Barbadensis Leaf Juice Powder, Hydrolyzed Lepidium Meyenii Root, Citric Acid, 1,2-Hexanediol, Citral, Myrciaria Dubia Fruit Extract, Lycium Barbarum Fruit Extract, Capryloyl Glycine, Sodium Hydroxide, Linalool, Sodium Benzoate, Sodium Dehydroacetate, Salicylic Acid, Lactic Acid, Potassium Sorbate",All,"Wake-up with Mandarin Energizing Face Mist. Kick-start the day with a spritz of this zingy mist to help re-energize your complexion - perfect when late nights are starting to take their toll on your skin. Infused with mandarin, camu camu berry extract from Brazil, maca root extract from Peru, and  caffeine for an extra boost. Leaves skin feeling hydrated and instantly refreshed. ","['100% vegan ', ' Enriched with Community Trade organic aloe vera from Mexico', 'Pair with our Vitamin C Glow Boosting Moisturizer', ' Skin feels energized and dullness appears reduced', ' Suitable for all skin types ', ' Perfect for tired, grumpy skin', ' Dermatologically tested', ' Make-up friendly, can be applied before of after makeup application ']"
The Body Shop,Face Masks,Vitamin E Sink-in Moisture Mask,Soya,"Aqua/Water/Eau, Glycerin, Cyclohexasiloxane, Propylene Glycol, Oryza Sativa Bran Oil/Oryza Sativa (Rice) Bran Oil, Gossypium Herbaceum Seed Oil/Gossypium Herbaceum (Cotton) Seed Oil, Triticum Vulgare Germ Oil/Triticum Vulgare (Wheat) Germ Oil, Glycine Soja Oil/Glycine Soja (Soybean) Oil, Diglycerin, Methyl Gluceth-20, Phenoxyethanol, Acrylates/C10-30 Alkyl Acrylate Crosspolymer, Panthenol, Tocopheryl Acetate, Benzyl Alcohol, Lecithin, Sodium Hydroxide, Parfum/Fragrance, Benzyl Benzoate, Disodium EDTA, Methylparaben, Hydroxycitronellal, Butylparaben, Ethylparaben, Limonene, Geraniol, Linalool, Propylparaben, Citronellol, Cinnamyl Alcohol, Alpha-Isomethyl Ionone, Citric Acid, CI 14700/Red 4.",All,"The Vitamin E Sink-In Moisture Mask is a light, creamy gel-type mask that instantly relieves the uncomfortable feeling of dry, tight skin and restores the skinâ€™s optimum moisture level. It smoothes out the appearance of fine lines caused by dehydration and leaves the skin feeling soft and supple.","['Moisture Mask', 'Suitable for all skin types', 'Helps protect and moisturize skin', 'Helps reduce the effects of environmental agressors', 'Enriched with Community Trade Soya Oil from Brazil']"
The Body Shop,Face Mists,Coco Calming Face Mist,Aloe Vera,"Aqua/?Water/?Eau, Propanediol, Glycerin, Phenoxyethanol, Caprylyl Glycol, Cocos Nucifera Fruit Juice/?Coconut Fruit Juice, Polysorbate 20, Allantoin, Aloe Barbadensis Leaf Juice Powder, Bisabolol, Parfum/?Fragrance, Trisodium Ethylenediamine Disuccinate, Citric Acid, Benzyl Alcohol, Sodium Benzoate, Coumarin, Limonene, Potassium Sorbate","Dry, Sensitive","Help keep your skin feeling calm so you can carry on with our Coco Calming Face Mist. This calming mist helps to soothe dry, sensitive skin when you need instant relief. Enriched with naturally refreshing coconut water from Brazil, as well as calming aloe vera and bisabolol. Leaves skin feeling hydrated and instantly refreshed.","['Enriched with Community Trade organic aloe vera from Mexico', ' Pairs perfectly with our Aloe Soothing Day Cream', ' Skin feels calm and comforted', ' Suitable for all skin types ', ' Perfect for dry, sensitive skin', ' Dermatologically tested', ' Make-up friendly, can be applied before of after makeup application']"
The Body Shop,Face Masks,Chinese Ginseng and Rice Clarifying Polishing Mask,Sesame Oil,"Aqua, Glycerin, Luffa Cylindrica Fruit, Kaolin, Sesamum Indicum Seed Oil, Cetyl Alcohol, Glyceryl Stearate, Magnesium Aluminum Silicate, PEG-100 Stearate, Alcohol Denat., Decyl Glucoside, Cera Alba, Perlite, Butyrospermum Parkii Butter, Parfum, Phenoxyethanol, Tocopheryl Acetate, Salicylic Acid, Xanthan Gum, Limonene, Sodium Benzoate, Citric Acid, Propylene Glycol, Myristyl Alcohol, Stearyl Alcohol, Menthol, Panax Ginseng Root Extract, Disodium EDTA, Citral, Citronellol, Linalool, Menthoxypropanediol, Tetrasodium Pyrophosphate, Eugenol, Dextrin, Oryza Sativa Extract, CI 77891.",All,"Give your skin a new lease of life with our Chinese Ginseng & Rice Clarifying Polishing Mask. Inspired by Chinese traditions, weâ€™ve blended ginseng extract, rice extract and sesame seed oil into our 100% vegetarian creamy exfoliating mask, thatâ€™s been formulated without parabens, paraffin, silicone or mineral oil. ","['100% vegetarian ', ' Creamy exfoliating face mask ', ' Formulated without parabens, paraffins, silicones or mineral oils', ' Perfect for skin that needs an intense treatment to remove dullness and unevenness. ', ' Illuminates, evens and revitalises skin ', ' Blended with rice & ginseng extracts from China and organic Community Trade Seasame Seed Oil from Nicaragua.', ' Discover the benefits of our natural 100% vegetarian face masks  to reveal amazing, healthy skin!']"
The Body Shop,Face Masks,Mediterranean Almond Milk with Oats Instant Soothing Mask,Almond,"Aqua / Water / Eau, Olea Europaea Fruit Oil / Olive Fruit Oil, Glycerin, Propanediol, Avena Sativa Kernel Meal / Oat Kernel Meal, Cetearyl Alcohol, Butyrospermum Parkii Butter / Butyrospermum Parkii (Shea) Butter, Betaine, Lactobacillus Ferment Lysate, Sodium Polyacrylate, Carrageenan, Benzyl Alcohol, Jojoba Esters, Levulinic Acid, Parfum / Fragrance, Sodium Dehydroacetate, Sodium Stearoyl Glutamate, Sodium Levulinate, Tocopherol, Bisabolol, Aloe Barbadensis Leaf Juice Powder, Trisodium Ethylenediamine Disuccinate, Leuconostoc/Radish Root Ferment Filtrate, Citric Acid, Helianthus Annuus Seed Oil / Sunflower Seed Oil, Prunus Amygdalus Dulcis Seed Extract / Sweet Almond Seed Extract, Xanthan Gum, Sodium Hydroxide, Dehydroacetic Acid.",All,"Sensitive skin doesnâ€™t need to miss out on exfoliating face masks with our Mediterranean Almond Milk with Oats Instant Soothing Mask. Inspired by ancient Roman recipes, the mask has a creamy, porridge-like blend of oatmeal from the UK and Community Trade organic almond milk from Spain. This mask helps relieve dry, sensitive skin from tightness and itchiness, and gently exfoliates to leave skin feeling softer, smoother and recharged with moisture.","['Creamy, comforting face mask ', ' With oatmeal from the UK and Community Trade Almond Milk from Spain ', ' Enriched with Community Trade Aloe Vera  from Mexico and Community Trade  Shea butter from Ghana   ', ' Suitable for sensitive skin  ', ' 100% agree the product feels gentle on the skin* ', ' 96% agree skin feels soothed* ', ' 95% agree skin feels comforted*  *User trials on 100 women with sensitive skin.']"
The Body Shop,Face Mists,Strawberry Smoothing Face Mist,Aloe Vera,"Aqua/?Water/?Eau, Propanediol, Glycerin, Polysorbate 20, Phenoxyethanol, Caprylyl Glycol, Vaccinium Myrtillus Fruit Extract, Fragaria Vesca Juice/?Strawberry Juice, Saccharum Officinarum Extract/?Sugarcane Extract/?Extrait De Canne À Sucre, Parfum /? Fragrance, Sodium Hydroxide, Trisodium Ethylenediamine Disuccinate, Citrus Aurantium Dulcis Fruit Extract/?Orange Fruit Extract, Citrus Limon Fruit Extract/?Lemon Fruit Extract, Aloe Barbadensis Leaf Juice Powder, Acer Saccharum Extract, Acer Saccharum Extract, Limonene, Linalool, Citronellol, Benzyl Alcohol, Psidium Guajava Fruit Extract, Salicylic Acid",All,Go #NoFilter once youâ€™ve smoothed over your complexion with our Strawberry Smoothing Face Mist. Skin texture appears refined with this delicately scented mist for a smoother-looking complexion. Infused with extract of juicy strawberries from Italy and guava from Brazil. Leaves skin feeling hydrated and instantly refreshed.,"['Enriched with Community Trade organic aloe vera from Mexico ', ' Pair with our Drops Of Youthâ„¢ Youth Cream', ' Skin appears smooth and feels velvet to the touch', ' Suitable for all skin types', ' Perfect for uneven skin', 'Dermatologically tested', ' Make-up friendly, can be applied before of after makeup application']"
The Body Shop,Sheet Masks,Vitamin C Glow Sheet Mask,Aloe Vera,"Aqua/Water/Eau, Alcohol Denat., Glycerin, Propanediol, Sodium Citrate, Benzyl Alcohol, PPG-26-Buteth-26, Citric Acid, PEG-40 Hydrogenated Castor Oil, Salicylic Acid, Sodium Gluconate, 3-O-Ethyl Ascorbic Acid, Tocopheryl Acetate, Xanthan Gum, Trisodium Ethylenediamine Disuccinate, Sodium Hydroxide, Sodium Hyaluronate, Parfum/Fragrance, Aloe Barbadensis Leaf Juice Powder, Myrciaria Dubia Fruit Extract, Linalool, Limonene, Benzyl Benzoate.",All,"Reveal hydrated, radiant-looking skin in just 15 minutes with our vegan Vitamin C Glow Sheet Mask. Enriched with vitamin C-rich camu camu and Community Trade organic aloe vera, this mask reveals your natural-looking glow and leaves skin feeling instantly awakened, hydrated and healthier.","[' Vegan ', 'Hydrating single-use Vitamin C mask', 'Suitable for all skin types', 'Skin feels hydrated, awakened and healthier', 'Easy to use for instant results', 'Enriched with vitamin C-rich  camu camu from Peru and Community Trade organic  aloe vera from Mexico', 'Biodegradable sheet']"
The Body Shop,Sheet Masks,Aloe Calm Hydration Sheet Mask,Aloe Vera,"Aqua/Water/Eau, Sorbitol, Glycerin, Butylene Glycol, Propanediol, Polysorbate 20, Benzyl Alcohol, Salicylic Acid, Carbomer, Trisodium Ethylenediamine Disuccinate, Sodium Hydroxide, Aloe Barbadensis Leaf Juice Powder, Citric Acid, Cucumis Sativus Fruit Extract/Cucumis Sativus (Cucumber) Fruit Extract, Potassium Sorbate, Xanthan Gum.","Dry, Sensitive","Soothe and hydrate dry, sensitive skin in just 15 minutes with our vegan Aloe Calm Sheet Mask. Enriched with cucumber extract and Community Trade organic aloe vera, this mask leaves skin feeling instantly smoother, hydrated and more settled.","[' Vegan ', 'Biodegradable sheet (not including packaging)', 'Hydrating single-use Aloe sheet mask', 'Formulated for  dry ,  sensitive skin ', 'Skin feels hydrated, smoother and more settled', '24hr hydration', 'Easy to use for instant results', 'Dermatologically tested', 'Enriched with cucumber extract and Community Trade organic aloe vera from Mexico']"
The Body Shop,Sheet Masks,Vitamin E Quench Sheet Mask,Aloe Vera,"Aqua/Water/Eau, Alcohol Denat., Glycerin, Propanediol, Benzyl Alcohol, Rubus Idaeus Seed Oil/Rubus Idaeus (Raspberry) Seed Oil, Salicylic Acid, PPG-26-Buteth-26, Acrylates/C10-30 Alkyl Acrylate Crosspolymer, Tocopheryl Acetate, Trisodium Ethylenediamine Disuccinate, Sodium Acrylate/Sodium Acryloyldimethyl Taurate Copolymer, PEG-40 Hydrogenated Castor Oil, Sodium Hydroxide, Sodium Hyaluronate, Xanthan Gum, Isohexadecane, Aloe Barbadensis Leaf Juice Powder, Parfum/Fragrance, Polysorbate 80, Sorbitan Oleate, Benzyl Benzoate, Geraniol, Linalool.",All,"Hydrate thirsty skin in just 15 minutes with our Vitamin E Sheet Mask. Enriched with Community Trade organic aloe vera, natural-origin hyaluronic acid and wheatgerm oil, this mask locks in 24hr hydration and leaves skin feeling instantly softer, smoother and re-plumped with moisture.","['Biodegradable sheet (not including packaging)', 'Hydrating single-use Vitamin E sheet mask', 'Suitable for all  skin types ', 'Skin feels hydrated, softer and smoother', '24hr hydration', 'Easy to use for instant results', 'Enriched with natural-origin  hyaluronic acid from France, wheatgerm oil and Community Trade organic  aloe vera from Mexico']"
The Body Shop,Sheet Masks,Seaweed Balance Sheet Mask,Aloe Vera,"Aqua/?Water/?Eau, Alcohol Denat, Glycerin, Propanediol, Benzyl Alcohol, Salicylic Acid, Carbomer, PEG-40 Hydrogenated Castor Oil, Trideceth-9, Trisodium Ethylenediamine Disuccinate, Sodium Hydroxide, Propylene Glycol, Fucus Vesiculosus Extract, Parfum/?Fragrance, Aloe Barbadensis Leaf Juice Powder, Citric Acid, Cucumis Sativus Fruit Extract/?Cucumis Sativus (Cucumber) Fruit Extract, Potassium Sorbate, Linalool, Benzyl Salicylate",All,"Mattify and hydrate oily and combination skin in just 15 minutes with our vegan Seaweed Sheet Mask. Enriched with cucumber extract, mineral-rich seaweed and Community Trade organic aloe vera, this mask locks in 24hr hydration and leaves skin feeling instantly refreshed and mattified.","[' Vegan ', 'Biodegradable sheet (not including packaging)', 'Hydrating single-use sheet mask', 'Formulated for  oily  combination skin ']"
The Body Shop,Face Masks,Japanese Matcha Tea Pollution Clearing Mask Packette,Green Tea,"Aqua, Kaolin, Propanediol, Olea Europaea Fruit Oil, Glycerin, Cetearyl Alcohol, Luffa Cylindrica Fruit, Butyrospermum Parkii Butter, Glyceryl Stearate, PEG-1 Stearate, Phenoxyethanol, Parfum, Caprylyl Glycol, Polysorbate 6, Sodium Polyacrylate, Prunus Armeniaca Seed Powder, Acrylates/C1-3 Alkyl Acrylate Crosspolymer, Aloe Barbadensis Leaf Juice Powder, Tocopherol, Trisodium Ethylenediamine Disuccinate, Butyl Methoxydibenzoylmethane, Taraxacum Officinale Rhizome/Root Extract, Menthol, Sodium Hydroxide, Tetrasodium Pyrophosphate, Limonene, Citric Acid, Camellia Sinensis Leaf Extract, Ethylhexylglycerin, Sodium Benzoate, Potassium Sorbate, Caramel, CI 1914, CI 429.",All,"Enriched with matcha green tea from Kakegawa, Japan, dandelion extract and soul-soothing Community Trade aloe vera from Mexico, our indulgently creamy, 100% vegan masking formula deeply purifies, gently exfoliates and  liberates your skin from the weekly build-up of city pollutants and everyday impurities.","['Helps remove pollutants and impurities', 'Reveals radiant, younger-looking skin', 'Enriched with matcha green tea from Japan and organic Community Trade aloe vera from Mexico', '100% vegan', '91% of women agreed pollution felt removed from their skin (based on trial results from 103 women)', 'Formulated without silicones, mineral oil or paraffins']"
The Body Shop,Eye Care,Vitamin E Eye Cream,Rosehip Oil,"Aqua, Glycerin, Diheptyl Succinate, Rosa Canina Fruit Oil, Glyceryl Stearate SE, Panthenol, Tocopheryl Acetate, Mica, Methyl Glucose Sesquistearate, Phenoxyethanol, Caprylyl Glycol, Butyrospermum Parkii Butter, Acrylates/C10-30 Alkyl Acrylate Crosspolymer, Chondrus Crispus Extract, Capryloyl Glycerin/Sebacic Acid Copolymer, Sodium Hydroxide, Sodium Hyaluronate, Disodium EDTA, Chlorphenesin, Propylene Glycol, Sodium Dehydroacetate, Citric Acid, CI 77891.",All,"This moisturizing eye cream hydrates, smoothes and protects the delicate skin around the eye.","['Hydrates skin in the eye area', 'Reduces the appearance of fine lines', 'Leaves skin feeling soft and smooth', 'Gentle massage helps reduce puffiness', ' Enriched with community trade  Rosehip Oil  from Chile']"
The Body Shop,Eye Care,Drops of Youthâ„¢ Youth Bouncy Eye Mask,Edelweiss Stem Cells,"Aqua/Water/Eau, Glycerin, Glycine Soja Oil/Soybean Oil, Dimethicone, Caprylic/Capric Triglyceride, Alcohol Denat., Isocetyl Stearate, Isononyl Isononanoate, Pentylene Glycol, Polyglyceryl-2 Stearate, Stearyl Heptanoate, PEG-8 Stearate, Disodium Stearoyl Glutamate, Cetyl Alcohol, Phenoxyethanol, Stearyl Caprylate, Caprylyl Glycol, Stearic Acid, Propylene Glycol, Palmitic Acid, Steareth-100/PEG-136/HDI Copolymer, Parfum/Fragrance, Pentaerythrityl Tetra-Di-t-Butyl Hydroxyhydrocinnamate, Linalool, Adenosine, Sodium Hydroxide, Citronellol, Leontopodium Alpinum Callus Culture Extract, Eryngium Maritimum Extract, Myristic Acid, Crithmum Maritimum Extract, Orbignya Oleifera Seed Oil, Cucumis Sativus Fruit Extract/Cucumber Fruit Extract, Tocopherol, Ceramide NP, Helianthus Annuus Seed Oil/Sunflower Seed Oil, Rosmarinus Officinalis Extract/Rosemary Extract, Limonene, Benzyl Alcohol, Citric Acid, Xanthan Gum, CI 19140/Yellow 5, CI 42090/Blue 1",Sensitive,"Enriched with cucumber extract and plant stem cells, our Youth Bouncy Eye Mask can be applied to instantly give tired eyes a powernap*, or used as an overnight mask to wake up with skin that looks younger and feels healthier. This refreshing, non-sticky formula helps address the first signs of ageing to help skin bounce back to a more youthful appearance. ","['100% vegetarian', ' Bouncy, memory-shape texture', 'Enriched with Cucumber Extract and Community Trade organic  Babassu Oil  from Brazil', 'With 3 plant stem cells:  Edelweiss   from the Italian alps,  Criste Marine  and  Sea Holly  from the Brittany Coast', 'Instantly cools down skin around your eyes by 2.7Â°F*', 'Skin feels replenished and appears healthier**', 'Dermatologically & Ophthalmologically tested', 'Formulated without mineral oil, paraffin and petrolatum *Clinical test on 24 women*The product helps to depuff bag under eyes, signs of fatigue appear reduced, dark circle under my eyes are faded**Self-assessment on 50 women']"
The Body Shop,Eye Care,Drops of Youthâ„¢ Eye Concentrate,Edelweiss Stem Cells,"Aqua/?Water/?Eau, Butylene Glycol, Alcohol Denat, Sorbitol, Glycerin, Pentylene Glycol, PEG-20 Methyl Glucose Sesquistearate, PVP, Silica, Ammonium Acryloyldimethyltaurate/?VP Copolymer, Phenoxyethanol, Pullulan, Avena Sativa Kernel Extract/?Avena Sativa (Oat) Kernel Extract, Ethylhexylglycerin, Citric Acid, Olea Europaea Fruit Oil/?Olea Europaea (Olive) Fruit Oil, Sodium Hyaluronate, Xanthan Gum, Moringa Oleifera Seed Oil, Trisodium Ethylenediamine Disuccinate, Synthetic Fluorphlogopite, Adenosine, Niacinamide, Fraxinus Excelsior Bark Extract, Leontopodium Alpinum Callus Culture Extract, Glycolic Acid, Potassium Citrate, Silanetriol, Tin Oxide, Tocopherol, Ci 77891/?Titanium Dioxide",All,"Refresh and awaken your eye area with our innovative eye concentrate. Enriched with edelweiss plant stem cells, our unique  applicator instantly refreshes the eye contour and smoothes the appearance of lines, bags and fatigue for younger-looking eyes.","['100% vegan', ' Appearance of eye bags seems reduced & eyes appear less tired. 84% of users said skin looked smoother after four weeks*', ' Silicone & Paraben Free ', 'Innovative cooling roller ball pump applicator', 'Partner with Drops of Youthâ„¢ Youth Concentrate as a part of the Drops of Youthâ„¢ routine', 'Enriched with  Edelweiss Stem Cells that possess renowned skin renewal properties   *Based on a commissioned study of 106 women']"
The Body Shop,Eye Care,Oils Of Lifeâ„¢ Eye Cream Gel,Black Cumin Seed Oil,"Aqua/Water/Eau, Glycerin, Alcohol Denat., Coco-Caprylate/Caprate, Hydrogenated Ethylhexyl Olivate, Hydroxypropyl Starch Phosphate, Ricinus Communis Seed Oil/Ricinus Communis (Castor) Seed Oil, Caffeine, Camellia Sinensis Leaf Extract, Carbomer, Lactobacillus Ferment Lysate, Phenoxyethanol, Punica Granatum Extract, Tapioca Starch, Isopropyl Alcohol, Hydrogenated Olive Oil Unsaponifiables, Xanthan Gum, Chlorphenesin, Rosa Canina Fruit Oil, Olea Europaea Fruit Oil/Olea Europaea (Olive) Fruit Oil, Camellia Oleifera Seed Oil, Salicylic Acid, Sodium Hydroxide, Lactobacillus Ferment, Nigella Sativa Seed Oil, Sodium Hyaluronate, Pentaerythrityl Tetra-di-t-butyl Hydroxyhydrocinnamate, Synthetic Fluorphlogopite, Menthoxypropanediol, Sodium Gluconate, Adenosine, Tin Oxide, Tocopherol, Citric Acid, CI 77891/Titanium Dioxide, CI 77491/Iron Oxides, CI 19140/Yellow 5.",All,"The ultra-light and smoothing eye cream-gel feels fresh upon application and melts onto skin. Infused with three precious seed oils, eye contours are visibly revitalized and look more radiant. Signs of ageing appear reduced,  wrinkles appear smoothed, dark circles look visibly faded and bags appear depuffed. ","['Instantly illuminates, reduces dark circles and smoothes fine lines and wrinkles', 'Contains illuminating micro-pearls which instantly enlighten the eye area and help to disguise dark circles', '  Black Cumin Seed Oil from Egypt contains high levels of antioxidants,  Rosehip Oil from Chile is rich in omega 3 and 6, and  Camellia Seed Oil from China which contains a high concentration of oleic acid to hydrate skin', 'Enriched with Community Trade organic olive oil from Italy', 'Caffeine, which is known to effectively stimulate and reduce fatigue ', 'Eye contour looks smoother (100% agree*)', 'Eye contour looks more luminious (96% agree*)', ' Dark circles appear faded (90% agree*)', 'Wrinkles appear smoother  (87% agree**)', 'Suitable for all skin types, and skin lacking nourishment and radiance ', '* Self-assesment 50 women', '** Self-assesment 100 women']"
The Body Shop,Eye Care,Aloe Soothing Eye & Lip Contour Care,Aloe Vera,"Aqua/Water/Eau, Glyceryl Stearate Citrate, Pentylene Glycol, Cyclopentasiloxane, Hydroxypropyl Starch Phosphate, Cetearyl Alcohol, Cyclohexasiloxane, Propanediol, alpha-Glucan Oligosaccharide, Betaine, Sesamum Indicum Seed Oil/Sesamum Indicum (Sesame) Seed Oil, Caprylic/Capric Triglyceride, Panthenol, Potassium Phosphate, Myristamidopropyl PG-Dimonium Chloride Phosphate, Aloe Barbadensis Leaf Juice Powder, Dipotassium Phosphate, Allantoin, Hydrogenated Vegetable Oil, Sodium Stearoyl Glutamate, Caprylhydroxamic Acid, Trisodium Ethylenediamine Disuccinate, Bisabolol, Polygonum Fagopyrum Seed Extract/Polygonum Fagopyrum (Buckwheat) Seed Extract, Sodium Hydroxide, Tocopherol, Citric Acid.",Sensitive,"Newly reformulated, gentle soothing gel-cream for eye and lip contours, and lips. Brings relief through a hydrating and cooling effect and reduces signs of sensitive skin. Hydrates and helps protect against irritation caused by dryness. Enriched with organic Community Trade aloe vera from Campeche, Mexico. 
Specially formulated for sensitive, dry skin. Formulated without alcohol, colorants, fragrance, preservatives.","['Soothing eye and lip contour care', 'Hydrates, comforts, soothes', 'Easily absorbed and gentle', 'With Community Trade organic aloe vera from Campeche, Mexico', 'Ophthalmologically and dermatologically tested', 'Suitable for contact lens wearers']"
